City,Lat,Lng,Max Temp,Humidity,Cloudiness,Wind Speed,Country,Date
grytviken,-54.2811,-36.5092,-6.11,77,26,3.79,GS,1690153851
afaahiti,-17.75,-149.2833,27.93,77,59,4.98,PF,1690153852
port-aux-francais,-49.35,70.2167,5.68,90,80,15.36,TF,1690153852
uturoa,-16.7333,-151.4333,25.79,76,47,5.42,PF,1690153574
georgetown,5.4112,100.3354,27.96,83,20,1.03,MY,1690153815
bredasdorp,-34.5322,20.0403,9.56,74,55,2.75,ZA,1690153425
port alfred,-33.5906,26.891,11.77,82,97,2.24,ZA,1690153852
papatowai,-46.5619,169.4708,9.34,93,98,0.84,NZ,1690153852
santa terezinha,-29.9002,-50.0904,17.03,95,47,3.72,BR,1690153853
remire-montjoly,4.9167,-52.2667,26.02,89,0,1.54,GF,1690153854
cudahy,33.9606,-118.1853,37.73,68,0,4.12,US,1690153854
port elizabeth,-33.918,25.5701,11.17,70,52,7.53,ZA,1690153854
kodiak,57.79,-152.4072,17.73,68,0,4.12,US,1690153668
adamstown,-25.066,-130.1015,20.43,69,22,7.65,PN,1690153854
porto novo,6.4965,2.6036,23.57,94,100,3.03,BJ,1690153854
ushuaia,-54.8,-68.3,-4.86,91,45,1.5,AR,1690153854
tazovsky,67.4667,78.7,15.01,90,90,1.97,RU,1690153854
punta arenas,-53.15,-70.9167,-0.92,83,8,2.91,CL,1690153855
sao bernardo,-3.3614,-42.4178,26.23,73,93,2.69,BR,1690153855
mizdah,31.4451,12.9801,28.68,22,0,3.27,LY,1690153855
tiksi,71.6872,128.8694,7.74,65,4,2.45,RU,1690153855
klyuchi,52.2667,79.1667,17.32,75,79,1.58,RU,1690153855
margaret river,-33.95,115.0667,9.72,80,0,5.12,AU,1690153855
edinburgh of the seven seas,-37.0676,-12.3116,13.44,82,58,10.83,SH,1690153855
bol'sherech'ye,56.0925,74.6272,14.69,98,100,2.49,RU,1690153855
olonkinbyen,70.9221,-8.7187,4.76,91,98,5.07,SJ,1690153856
tazacorte,28.629,-17.9293,23.54,88,40,8.23,ES,1690153659
inhambane,-23.865,35.3833,18.39,86,5,4.18,MZ,1690153856
whitehorse,60.7161,-135.0538,22.83,33,78,4.0,CA,1690153784
bairnsdale,-37.8333,147.6167,7.81,93,79,2.58,AU,1690153856
waitangi,-43.9535,-176.5597,13.23,96,98,3.13,NZ,1690153856
bilibino,68.0546,166.4372,17.61,63,82,0.87,RU,1690153856
karratha,-20.7377,116.8463,15.55,35,1,9.26,AU,1690153660
yellowknife,62.456,-114.3525,22.29,37,100,5.66,CA,1690153597
belur,13.1667,75.8667,19.7,95,100,4.95,IN,1690153857
aykhal,66.0,111.5,20.03,65,95,4.48,RU,1690153597
bardai,11.65,7.2333,21.55,84,100,1.87,NG,1690153857
kenai,60.5544,-151.2583,18.05,85,0,5.66,US,1690153857
as sanad,34.4628,9.264,30.54,18,0,1.33,TN,1690153857
tura,25.5198,90.2201,23.71,96,99,1.93,IN,1690153857
reyes,-14.3167,-67.3833,26.27,51,1,1.04,BO,1690153857
arraial do cabo,-22.9661,-42.0278,21.54,86,0,9.84,BR,1690153756
las tablas,7.7667,-80.2833,28.63,80,75,2.22,PA,1690153857
bayganin,48.6947,55.8742,22.21,39,2,3.53,KZ,1690153857
griffith,41.5284,-87.4237,30.03,56,0,3.6,US,1690153858
san ignacio de velasco,-16.3667,-60.95,23.85,38,0,0.49,BO,1690153858
puerto natales,-51.7236,-72.4875,-3.09,91,9,1.74,CL,1690153858
luanda,-8.8368,13.2343,21.0,94,20,1.03,AO,1690153858
new norfolk,-42.7826,147.0587,12.62,77,96,2.4,AU,1690153563
val-d'or,48.1002,-77.7828,24.13,53,32,1.44,CA,1690153858
usogorsk,63.4106,48.6872,12.88,98,76,2.86,RU,1690153858
vadso,70.0744,29.7487,8.49,93,100,6.69,NO,1690153858
iskateley,67.6803,53.1512,14.78,94,100,3.14,RU,1690153620
vorkuta,67.5,64.0,14.36,97,100,3.11,RU,1690153610
kapuskasing,49.4169,-82.4331,20.05,77,75,2.57,CA,1690153587
constantia,44.1833,28.65,18.38,63,0,1.9,RO,1690153858
saguenay,48.4168,-71.0657,24.45,71,40,1.54,CA,1690153859
galliano,29.4422,-90.2992,31.0,83,40,2.06,US,1690153634
ancud,-41.8697,-73.8203,4.56,83,100,3.95,CL,1690153859
mabini,15.6,120.9833,24.99,92,100,1.14,PH,1690153859
sao fidelis,-21.6461,-41.7469,21.97,93,72,1.16,BR,1690153687
avarua,-21.2078,-159.775,27.03,89,75,5.66,CK,1690153859
bethel,41.3712,-73.414,28.05,61,75,0.0,US,1690153825
talnakh,69.4865,88.3972,11.23,80,15,0.47,RU,1690153859
st. john's,47.5649,-52.7093,22.66,89,75,5.66,CA,1690153592
guerrero negro,27.9769,-114.0611,25.77,53,3,7.15,MX,1690153859
kassala,15.451,36.4,29.61,57,35,7.22,SD,1690153859
albany,42.6001,-73.9662,26.92,62,64,0.92,US,1690153647
san marcos,33.1434,-117.1661,33.17,78,20,4.12,US,1690153631
roma,43.2128,-75.4557,27.71,49,0,3.6,US,1690153860
nova sintra,14.8667,-24.7167,22.98,78,95,4.39,CV,1690153860
fale old settlement,-9.3852,-171.2468,28.57,77,19,6.79,TK,1690153860
polyarnyy,69.1989,33.4478,9.2,93,100,6.29,RU,1690153860
invercargill,-46.4,168.35,8.72,93,99,0.69,NZ,1690153818
guardo,42.7897,-4.8482,13.69,79,100,1.72,ES,1690153860
east london,-33.0153,27.9116,14.34,69,100,7.13,ZA,1690153860
gamba,-2.65,10.0,22.08,92,90,2.64,GA,1690153860
longyearbyen,78.2186,15.6401,10.91,71,40,6.17,SJ,1690153860
flying fish cove,-10.4217,105.6791,23.82,88,100,5.66,CX,1690153861
alice springs,-23.7,133.8833,3.75,81,100,3.6,AU,1690153719
nar'yan-mar,67.6713,53.087,14.86,93,100,3.15,RU,1690153861
watsa,3.0372,29.5355,20.42,65,75,1.14,CD,1690153861
dadeldhura,29.2984,80.5806,17.13,95,100,0.74,NP,1690153861
whitecourt,54.1502,-115.6855,25.96,46,67,3.96,CA,1690153861
puerto ayora,-0.7393,-90.3518,25.21,78,44,5.17,EC,1690153861
negombo,7.2083,79.8358,27.03,89,20,3.09,LK,1690153861
aketi,2.7388,23.7833,22.13,93,48,0.7,CD,1690153861
yerofey pavlovich,53.9667,121.9667,20.92,60,100,0.41,RU,1690153862
fortuna,40.5982,-124.1573,22.74,68,20,8.75,US,1690153862
ribeira grande,38.5167,-28.7,22.65,86,20,3.13,PT,1690153862
phan thiet,10.9333,108.1,24.91,90,100,3.21,VN,1690153862
utrik,11.2278,169.8474,28.43,78,69,8.41,MH,1690153862
queenstown,-31.8976,26.8753,5.74,86,60,1.38,ZA,1690153430
blackmans bay,-43.0167,147.3167,11.96,83,84,2.08,AU,1690153862
enewetak,11.3474,162.3373,28.68,77,78,8.5,MH,1690153862
tangalle,6.024,80.7911,26.02,83,100,5.61,LK,1690153862
puerto colombia,10.9878,-74.9547,29.05,86,100,8.79,CO,1690153862
codrington,-38.2667,141.9667,11.75,84,100,3.05,AU,1690153863
kelso,46.1468,-122.9084,31.89,40,0,4.12,US,1690153863
vila velha,-20.3297,-40.2925,21.64,89,40,1.54,BR,1690153863
polna,49.487,15.7188,21.48,10,97,2.82,CZ,1690153863
kodinsk,58.6881,99.1844,19.16,75,83,0.45,RU,1690153863
santa rosa,14.3122,121.1114,26.73,95,100,3.01,PH,1690153863
cabedelo,-6.9811,-34.8339,24.37,82,12,6.5,BR,1690153863
severo-yeniseyskiy,60.3725,93.0408,15.69,88,62,0.78,RU,1690153863
petropavlovsk-kamchatsky,53.0452,158.6483,19.33,64,20,5.0,RU,1690153863
mejit,10.2753,170.8646,28.3,80,17,9.04,MH,1690153817
jamestown,42.097,-79.2353,25.77,66,20,4.12,US,1690153855
naju,35.0283,126.7175,22.9,97,100,1.45,KR,1690153864
crane,31.3974,-102.3501,38.1,15,37,3.96,US,1690153864
cockburn town,21.4612,-71.1419,29.98,66,20,4.12,TC,1690153864
sangkhla buri,15.1555,98.4536,23.19,99,100,0.36,TH,1690153864
cidreira,-30.1811,-50.2056,16.52,92,57,4.55,BR,1690153864
la passe,45.5549,-0.8967,20.55,89,100,3.92,FR,1690153760
baruun-urt,46.6806,113.2792,18.82,52,84,0.41,MN,1690153864
ust-nera,64.5667,143.2,17.32,56,34,0.96,RU,1690153864
nuuk,64.1835,-51.7216,11.34,82,19,4.63,GL,1690153617
anadyr,64.75,177.4833,14.28,82,100,3.0,RU,1690153865
pont rouge,48.8833,-72.0825,24.06,75,23,1.7,CA,1690153865
ilulissat,69.2167,-51.1,8.01,87,100,2.57,GL,1690153865
okhotsk,59.3833,143.3,20.35,56,6,0.87,RU,1690153865
taksimo,56.3444,114.8794,19.63,68,79,0.51,RU,1690153865
jiayuguan,39.8167,98.3,24.45,21,60,2.06,CN,1690153865
puerto baquerizo moreno,-0.9,-89.6,24.71,80,92,5.43,EC,1690153865
lebu,-37.6167,-73.65,8.7,85,85,1.76,CL,1690153865
damavand,35.7178,52.065,22.26,30,51,0.78,IR,1690153865
al markaz,25.4,49.7333,31.43,20,63,1.66,SA,1690153866
dunedin,-45.8742,170.5036,9.33,97,100,1.34,NZ,1690153604
gunnison,38.7,-107.0673,29.22,14,57,3.94,US,1690153866
yuzhno-kurilsk,44.0306,145.8556,16.49,96,99,1.17,RU,1690153866
ventspils,57.3894,21.5606,7.96,100,100,1.54,LV,1690153866
sisimiut,66.9395,-53.6735,6.91,87,94,0.76,GL,1690153866
san andres,12.5847,-81.7006,30.01,79,40,7.72,CO,1690153866
juneau,58.3019,-134.4197,14.01,97,100,7.2,US,1690153866
iqaluit,63.7506,-68.5145,9.83,71,20,3.58,CA,1690153866
kavaratti,10.5669,72.642,27.92,81,97,9.68,IN,1690153866
haiku-pauwela,20.9219,-156.3051,30.01,67,20,10.8,US,1690153867
san patricio,28.017,-97.5169,37.05,44,42,7.17,US,1690153641
bhimunipatnam,17.8833,83.4333,26.86,83,97,2.59,IN,1690153634
mawu,29.5923,107.3139,24.3,88,94,1.62,CN,1690153867
touros,-5.1989,-35.4608,24.64,79,23,7.16,BR,1690153758
daniel flores,9.3355,-83.6694,23.51,93,100,0.84,CR,1690153867
stanley,54.868,-1.6985,11.82,92,20,4.12,GB,1690153867
filey,54.21,-0.2892,13.77,92,100,1.34,GB,1690153867
qarauyl,48.9451,79.255,19.57,37,70,2.43,KZ,1690153867
yamaguchi,34.1858,131.4714,26.38,84,72,5.26,JP,1690153867
mandan,46.8267,-100.8896,32.67,41,0,5.66,US,1690153867
taraz,42.9,71.3667,23.23,38,0,4.0,KZ,1690153868
krasnogvardeyskoye,45.8456,41.5186,20.15,82,22,2.55,RU,1690153868
peshkopi,41.685,20.4289,19.98,72,0,1.1,AL,1690153868
carnarvon,-24.8667,113.6333,14.74,35,0,8.27,AU,1690153868
el granada,37.5027,-122.4694,33.29,72,0,7.72,US,1690153764
katsuura,35.1333,140.3,26.13,71,43,1.11,JP,1690153868
ulsteinvik,62.3432,5.8487,14.06,91,33,3.58,NO,1690153868
port lincoln,-34.7333,135.8667,12.61,76,100,1.45,AU,1690153868
bonthe,7.5264,-12.505,25.32,86,100,3.73,SL,1690153868
qaqortoq,60.7167,-46.0333,10.2,86,50,0.99,GL,1690153868
okha,53.5739,142.9478,20.23,61,29,5.28,RU,1690153869
college,64.8569,-147.8028,28.99,46,40,2.57,US,1690153643
callao,-12.0667,-77.15,22.62,64,20,5.14,PE,1690153609
banikoara,11.2985,2.4386,25.65,78,77,1.58,BJ,1690153869
reggane,26.7158,0.1714,38.72,15,70,2.71,DZ,1690153869
umluj,25.0213,37.2685,31.62,44,1,2.87,SA,1690153869
wailua homesteads,22.0669,-159.378,29.44,79,75,6.17,US,1690153869
selfoss,63.9331,-20.9971,12.8,76,100,2.27,IS,1690153869
pathein,16.7833,94.7333,25.22,93,22,1.66,MM,1690153869
avon,41.4517,-82.0354,25.27,73,75,5.66,US,1690153869
malanje,-9.5402,16.341,20.15,32,3,0.8,AO,1690153869
geraldton,-28.7667,114.6,9.23,53,0,8.23,AU,1690153585
pisco,-13.7,-76.2167,21.03,68,100,6.17,PE,1690153870
saldanha,-33.0117,17.9442,7.03,78,0,3.78,ZA,1690153578
esquina,-30.0144,-59.5272,14.97,56,62,3.69,AR,1690153870
san antonio de pale,-1.4014,5.6325,22.7,82,69,4.88,GQ,1690153870
susuman,62.7833,148.1667,13.83,61,62,3.31,RU,1690153870
weno,7.4515,151.8468,27.35,83,100,6.65,FM,1690153870
hamilton,39.1834,-84.5333,27.69,48,20,3.09,US,1690153841
sennoy,52.1509,46.9631,16.27,86,84,1.02,RU,1690153870
atafu village,-8.5421,-172.5159,28.78,75,11,6.72,TK,1690153870
melfort,52.8667,-104.6177,23.07,49,82,2.57,CA,1690153870
luang prabang,19.8856,102.1347,22.21,99,60,0.45,LA,1690153871
saipan,15.1355,145.701,29.39,100,40,4.63,MP,1690153871
hadibu,12.65,54.0333,24.74,81,100,12.59,YE,1690153871
hawaiian paradise park,19.5933,-154.9731,27.8,82,75,5.14,US,1690153871
udachny,66.4167,112.4,20.25,63,89,6.16,RU,1690153606
kolonia,50.9333,6.95,19.77,84,20,2.57,DE,1690153871
kununurra,-15.7667,128.7333,16.99,34,84,7.2,AU,1690153871
robore,-18.3333,-59.75,24.73,33,0,1.78,BO,1690153871
bayanaul,50.7889,75.6956,20.81,38,73,3.43,KZ,1690153871
severnoye,56.3491,78.3619,15.49,79,97,1.9,RU,1690153871
dudinka,69.4058,86.1778,11.46,71,46,4.08,RU,1690153872
port alberni,49.2413,-124.8028,26.0,47,100,2.24,CA,1690153872
mount pearl,47.5166,-52.7813,21.92,90,88,1.34,CA,1690153872
kayunga,0.7025,32.8886,19.84,74,82,1.24,UG,1690153872
dampit,-8.2116,112.7493,20.17,96,92,0.78,ID,1690153872
flin flon,54.7682,-101.865,25.44,23,10,2.73,CA,1690153658
kuching,1.55,110.3333,27.23,93,20,1.54,MY,1690153872
nyurba,63.2842,118.3319,22.48,63,14,2.78,RU,1690153872
cururupu,-1.8283,-44.8683,24.1,87,87,1.59,BR,1690153871
minab,27.1467,57.0801,31.27,77,100,2.61,IR,1690153873
kavieng,-2.5744,150.7967,28.4,76,68,5.69,PG,1690153873
razdol'noye,45.7708,33.4878,21.29,69,33,3.32,UA,1690153873
fort bragg,35.139,-79.006,30.51,62,75,2.06,US,1690153873
nafada,11.0956,11.3327,25.37,79,100,2.11,NG,1690153873
harper,4.375,-7.7169,25.14,83,99,4.5,LR,1690153873
isafjordur,66.0755,-23.124,10.91,88,100,1.79,IS,1690153873
chornobayivka,46.6941,32.5537,19.48,53,8,3.4,UA,1690153873
aasiaat,68.7098,-52.8699,3.67,96,100,0.49,GL,1690153873
colonia,50.9333,6.95,19.98,85,20,2.57,DE,1690153482
khash,28.2211,61.2158,25.99,26,100,1.85,IR,1690153874
hermanus,-34.4187,19.2345,12.04,65,47,2.66,ZA,1690153874
andkhoy,36.9529,65.1238,27.28,20,2,4.64,AF,1690153874
mahibadhoo,3.7833,72.9667,27.97,79,21,4.19,MV,1690153874
torrington,41.8007,-73.1212,27.44,67,1,1.36,US,1690153670
tolanaro,-25.0319,46.9987,18.67,94,14,3.7,MG,1690153874
shingu,33.7333,135.9833,27.2,74,6,1.26,JP,1690153874
conceicao da barra,-18.5933,-39.7322,21.27,89,34,3.29,BR,1690153874
lagos,6.5833,3.75,23.92,95,100,2.73,NG,1690153875
horta,38.5333,-28.6333,22.23,86,29,3.13,PT,1690153875
miles city,46.4083,-105.8406,38.54,7,0,5.66,US,1690153875
tchintabaraden,15.8969,5.7985,27.32,69,94,12.36,NE,1690153875
ati,13.2154,18.3353,30.55,56,11,1.83,TD,1690153875
sinop,41.7711,34.8709,18.77,76,4,1.34,TR,1690153876
luderitz,-26.6481,15.1594,14.47,50,100,7.37,NA,1690153876
san fernando de apure,7.8878,-67.4724,24.69,93,74,1.16,VE,1690153876
ketchikan,55.3422,-131.6461,17.26,67,100,5.66,US,1690153876
keflavik,64.0049,-22.5624,11.95,93,75,1.54,IS,1690153876
kapsan-up,41.0903,128.2933,21.48,80,11,1.17,KP,1690153876
samana,19.2056,-69.3369,27.98,80,62,4.19,DO,1690153876
dryden,49.7833,-92.7503,23.16,38,0,1.54,CA,1690153877
cestos city,5.46,-9.5828,25.34,82,92,4.49,LR,1690153877
mangrol,21.1167,70.1167,26.92,89,95,6.92,IN,1690153877
manado,1.487,124.8455,27.43,69,20,2.57,ID,1690153877
limon,10.0,-83.0333,29.94,70,0,2.06,CR,1690153877
hwange,-18.3693,26.5019,16.83,49,0,0.92,ZW,1690153877
barre,44.197,-72.5021,26.36,73,40,1.54,US,1690153877
port mathurin,-19.6833,63.4167,22.96,74,9,7.43,MU,1690153878
tamiahua,21.2667,-97.45,29.95,67,100,4.47,MX,1690153878
puerto leguizamo,-0.1934,-74.7819,25.63,76,76,0.79,CO,1690153878
kone,-21.0595,164.8658,22.2,44,5,1.6,NC,1690153697
comandante fontana,-25.3345,-59.6821,27.3,37,72,1.76,AR,1690153878
port hueneme,34.1478,-119.1951,37.98,70,75,4.12,US,1690153821
cabo san lucas,22.8909,-109.9124,32.81,79,100,4.12,MX,1690153765
sparti,37.0733,22.4297,26.67,27,0,2.42,GR,1690153878
eura,61.1333,22.1333,9.88,95,9,1.75,FI,1690153878
kingston,17.997,-76.7936,32.36,68,20,12.35,JM,1690153643
lihue,21.9789,-159.3672,29.77,73,75,6.17,US,1690153878
gizo,-8.103,156.8419,27.02,80,99,6.22,SB,1690153879
cape coast,5.1053,-1.2466,24.44,88,100,3.18,GH,1690153879
argo,37.6333,22.7333,31.55,31,0,1.8,GR,1690153879
ventnor,50.5948,-1.2037,16.88,91,62,0.89,GB,1690153879
srednebelaya,50.6594,128.0106,18.99,97,100,4.97,RU,1690153879
thompson,55.7435,-97.8558,23.35,31,20,4.0,CA,1690153811
magadan,59.5667,150.8,18.63,73,83,1.05,RU,1690153879
gnesta,59.0475,17.3119,12.04,94,69,0.75,SE,1690153879
tamanrasset,22.785,5.5228,32.95,9,0,2.06,DZ,1690153879
constitucion,-35.3333,-72.4167,10.83,76,100,3.13,CL,1690153880
danshui,22.7984,114.4672,27.48,85,99,0.57,CN,1690153880
bryne,58.7354,5.6477,14.81,91,75,1.54,NO,1690153880
santo antonio,-6.3106,-35.4789,22.28,84,10,5.23,BR,1690153815
tabou,4.423,-7.3528,25.4,82,100,4.03,CI,1690153880
merizo village,13.2658,144.6691,29.85,88,100,6.13,GU,1690153880
monrovia,6.3005,-10.7969,24.87,83,100,4.47,LR,1690153880
malvan,16.0667,73.4667,26.17,88,99,9.93,IN,1690153880
kailua-kona,19.6406,-155.9956,28.49,86,2,2.24,US,1690153880
chegdomyn,51.1167,133.0167,16.74,98,100,1.0,RU,1690153880
verkhnevilyuysk,63.4453,120.3167,23.41,59,19,1.92,RU,1690153881
isla mujeres,21.2311,-86.731,31.03,77,87,4.14,MX,1690153881
tralee,52.2704,-9.7026,12.97,95,69,2.31,IE,1690153617
altamira,-3.2033,-52.2064,26.75,59,78,0.57,BR,1690153881
sungai penuh,-2.0833,101.3833,17.51,94,100,0.18,ID,1690153881
itamaraca,-7.7478,-34.8256,24.03,84,15,4.75,BR,1690153881
ugoofaaru,5.6667,73.0,28.01,80,81,5.43,MV,1690153881
kiunga,-6.1219,141.2906,22.1,98,100,0.51,PG,1690153881
ola,59.5833,151.2833,18.97,76,93,0.45,RU,1690153881
aiquile,-18.2041,-65.1807,14.38,73,0,1.52,BO,1690153881
tidjikja,18.5564,-11.4271,33.37,38,67,2.63,MR,1690153882
suva,-18.1416,178.4415,25.71,69,75,1.54,FJ,1690153882
aioun,16.6614,-9.6149,35.44,35,19,2.96,MR,1690153882
nouadhibou,20.931,-17.0347,23.99,69,76,7.72,MR,1690153882
buncrana,55.1333,-7.45,11.66,91,5,3.65,IE,1690153882
chilaw,7.5758,79.7953,27.01,85,100,7.92,LK,1690153882
ajaccio,42.0,8.9167,24.03,50,0,3.09,FR,1690153882
napili-honokowai,20.9708,-156.6705,30.64,86,23,7.57,US,1690153882
vizinga,61.0749,50.1031,11.98,93,87,2.21,RU,1690153882
paracuru,-3.41,-39.0306,26.73,79,30,6.05,BR,1690153882
hotan,37.0997,79.9269,27.42,28,100,1.97,CN,1690153883
berezovyy,51.6667,135.7,23.88,51,100,1.49,RU,1690153883
laurentides,46.4334,-74.9826,23.73,64,64,0.98,CA,1690153883
slave lake,55.2834,-114.769,23.06,56,99,0.72,CA,1690153883
tevriz,57.509,72.4042,13.54,99,100,1.5,RU,1690153883
juan de ayolas,-27.4,-56.9,23.09,56,4,2.12,PY,1690153883
ardakan,32.31,54.0175,30.87,15,30,1.39,IR,1690153883
ingeniero jacobacci,-41.3427,-69.5448,1.52,57,100,3.58,AR,1690153883
pinarhisar,41.6242,27.52,21.32,88,20,3.2,TR,1690153883
namibe,-15.1961,12.1522,17.48,74,51,4.61,AO,1690153883
mil'kovo,55.6078,37.7956,13.95,92,70,3.15,RU,1690153689
east grand forks,47.93,-97.0245,30.13,50,40,2.06,US,1690153884
san julian,21.0167,-102.1667,22.7,45,100,2.49,MX,1690153884
vorgashor,67.5833,63.95,14.32,97,100,3.04,RU,1690153884
zahedan,29.4963,60.8629,24.2,20,98,2.35,IR,1690153884
tsiombe,-25.3,45.4833,17.77,84,0,2.07,MG,1690153884
kayar,14.9192,-17.1211,29.11,77,98,3.37,SN,1690153884
dawson creek,55.7666,-120.2362,22.8,31,0,2.06,CA,1690153884
nizhneangarsk,55.7833,109.55,16.5,57,48,1.28,RU,1690153884
champerico,14.3,-91.9167,29.95,70,100,1.28,GT,1690153885
huarmey,-10.0681,-78.1522,21.01,77,0,4.38,PE,1690153885
villa dolores,-31.9459,-65.1896,11.49,34,97,2.82,AR,1690153885
chelak,39.9203,66.8611,22.42,23,34,3.35,UZ,1690153885
qingdao,36.0986,120.3719,25.67,85,0,1.13,CN,1690153885
acapulco de juarez,16.8634,-99.8901,31.9,66,75,2.06,MX,1690153787
saint-philippe,-21.3585,55.7679,20.77,85,44,5.17,RE,1690153885
ribeira brava,32.65,-17.0667,22.78,78,7,1.78,PT,1690153885
shantobe,52.4581,68.1839,13.18,86,67,2.28,KZ,1690153885
balkh,36.75,67.0,32.84,15,52,5.25,AF,1690153885
parambu,-6.2111,-40.6944,27.02,36,47,3.33,BR,1690153641
natal,-5.795,-35.2094,25.36,78,75,4.63,BR,1690153703
berdigestyakh,62.0989,126.6992,23.89,59,5,1.72,RU,1690153886
labytnangi,66.6572,66.4183,14.83,92,63,2.79,RU,1690153655
ta`u,-14.2336,-169.5144,26.62,73,32,6.32,AS,1690153886
tome acu,-2.4189,-48.1522,26.21,50,63,1.2,BR,1690153886
inongo,-1.95,18.2667,22.5,67,21,2.19,CD,1690153886
felege neway,6.3,36.8833,17.14,85,96,1.14,ET,1690153886
idri,27.5,13.2667,31.34,13,0,4.5,LY,1690153886
aswan,24.0934,32.907,33.33,15,5,2.44,EG,1690153886
tocopilla,-22.092,-70.1979,17.53,80,24,2.44,CL,1690153314
castillos,-34.1667,-53.8333,10.51,80,84,3.87,UY,1690153887
arteche,12.2645,125.4048,27.02,80,100,7.69,PH,1690153887
karasburg,-28.0167,18.75,8.31,42,100,2.78,NA,1690153887
turpan,42.9333,89.1667,34.46,18,99,2.75,CN,1690153887
ilebo,-4.3167,20.5833,23.21,58,0,0.7,CD,1690153887
kuqa,41.7278,82.9364,28.1,31,100,1.88,CN,1690153887
antsohihy,-14.8796,47.9875,18.69,75,2,2.14,MG,1690153887
nishinoomote,30.7333,131.0,27.51,82,4,5.15,JP,1690153887
tomatlan,19.9333,-105.25,31.53,58,89,3.66,MX,1690153887
avrig,45.7167,24.3833,15.36,70,0,1.13,RO,1690153887
soio,-6.1349,12.3689,21.99,86,36,4.65,AO,1690153888
newman,37.3138,-121.0208,39.13,7,99,5.6,US,1690153664
antofagasta,-23.65,-70.4,17.6,88,71,2.4,CL,1690153563
oroqen zizhiqi,50.5667,123.7167,16.2,81,100,1.74,CN,1690153888
volodarskiy,46.4013,48.5409,22.97,49,55,2.54,RU,1690153888
manggar,-2.8833,108.2667,26.59,79,10,4.4,ID,1690153888
grants pass,42.439,-123.3284,36.38,29,0,0.45,US,1690153888
shenandoah,30.4013,-91.0009,34.94,51,18,1.34,US,1690153888
nikolayevsk-on-amure,53.1406,140.73,25.09,42,98,0.32,RU,1690153888
ujae,8.9322,165.7642,28.93,77,70,7.58,MH,1690153888
bengkulu,-3.8004,102.2655,24.08,92,100,3.13,ID,1690153889
zav'yalovo,56.7847,53.3776,14.11,89,64,1.87,RU,1690153889
badger,64.8,-147.5333,28.95,43,0,2.57,US,1690153889
toliara,-23.35,43.6667,18.29,91,2,2.61,MG,1690153889
aldinga beach,-35.2793,138.4604,11.78,83,100,0.89,AU,1690153488
sokoni,-6.4333,39.55,24.56,82,61,6.78,TZ,1690153889
machico,32.7,-16.7667,22.78,80,40,2.57,PT,1690153889
padang,-0.9492,100.3543,23.03,84,100,1.46,ID,1690153889
kashgar,39.4547,75.9797,27.18,33,95,2.76,CN,1690153889
kachkanar,58.7,59.4948,11.59,84,28,1.52,RU,1690153889
puerto armuelles,8.2833,-82.8667,29.99,77,99,1.34,PA,1690153890
fomboni,-12.28,43.7425,25.1,78,42,7.02,KM,1690153890
tobelo,1.7284,128.0095,26.54,79,96,3.26,ID,1690153890
tual,-5.6667,132.75,25.17,78,99,11.8,ID,1690153693
west island,-12.1568,96.8225,24.99,83,40,5.66,CC,1690153890
betio village,1.358,172.9211,31.02,74,95,5.1,KI,1690153890
sola,-13.8833,167.55,25.39,83,100,9.59,VU,1690153890
sahibganj,25.25,87.65,28.2,80,70,2.18,IN,1690153890
eastham,41.8301,-69.9739,25.33,65,0,1.79,US,1690153890
kerikeri,-35.2268,173.9474,14.39,87,3,1.34,NZ,1690153891
oranjemund,-28.55,16.4333,11.69,92,96,5.15,NA,1690153891
hammerfest,70.6634,23.6821,9.25,81,0,5.14,NO,1690153891
ingeniero guillermo n. juarez,-23.9,-61.85,22.08,42,1,4.17,AR,1690153891
sitka,57.0531,-135.33,14.94,88,100,2.06,US,1690153891
acarau,-2.8856,-40.12,26.03,78,51,6.64,BR,1690153891
kidal,18.4411,1.4078,35.72,27,40,3.43,ML,1690153891
lerwick,60.1545,-1.1494,11.0,85,27,7.04,GB,1690153891
santa marta,11.2408,-74.199,32.03,58,20,0.0,CO,1690153770
xunchang,28.4543,104.715,24.26,96,100,1.07,CN,1690153891
yorkton,51.2167,-102.4677,25.91,53,0,5.14,CA,1690153892
ilheus,-14.7889,-39.0494,21.45,91,18,3.28,BR,1690153892
myitkyina,25.3833,97.4,23.67,99,58,0.21,MM,1690153892
praia da vitoria,38.7333,-27.0667,22.64,82,10,4.39,PT,1690153892
letlhakeng,-24.0944,25.0298,14.43,44,82,2.97,BW,1690153892
brookings,44.3114,-96.7984,30.06,57,6,3.64,US,1690153892
hovd,48.0056,91.6419,17.74,33,90,1.94,MN,1690153892
rongelap,11.1635,166.8941,28.64,70,23,7.53,MH,1690153892
yeniseysk,58.4497,92.1703,16.7,98,35,1.08,RU,1690153892
lata,40.1629,-8.3327,15.6,99,61,1.0,PT,1690153892
posto fiscal rolim de moura,-13.0833,-62.2667,25.66,36,0,0.92,BR,1690153613
chibougamau,49.9168,-74.3659,23.06,42,18,1.98,CA,1690153787
bomdila,27.25,92.4,15.01,96,100,0.83,IN,1690153893
scarborough,54.2797,-0.4044,13.7,92,100,1.79,GB,1690153678
florida,28.7505,-82.5001,26.99,87,0,1.54,US,1690153654
yarmouth,41.7057,-70.2286,25.64,73,0,3.6,US,1690153893
novodvinsk,64.4165,40.8122,11.11,96,99,1.87,RU,1690153893
wanning,18.8003,110.3967,26.68,87,16,0.96,CN,1690153893
irtyshsk,53.3333,75.4572,16.63,82,50,0.91,KZ,1690153893
broome,42.2506,-75.833,26.49,56,40,2.57,US,1690153893
alofi,-19.0595,-169.9187,23.76,66,59,7.73,NU,1690153893
akureyri,65.6835,-18.0878,9.96,93,100,0.0,IS,1690153894
egilsstadir,65.2653,-14.3948,7.95,100,100,2.57,IS,1690153894
tres palos,18.1833,-101.6167,29.12,66,70,2.12,MX,1690153894
blenheim,-41.516,173.9528,10.29,93,100,0.45,NZ,1690153711
toumodi,6.5613,-5.0158,22.13,99,100,1.96,CI,1690153894
fort mcmurray,56.7268,-111.381,25.77,53,0,3.6,CA,1690153894
zhangye,38.9342,100.4517,24.13,23,55,2.36,CN,1690153894
alvaraes,-3.2208,-64.8042,28.93,65,65,1.33,BR,1690153894
pakala,13.4667,79.1167,26.05,67,100,8.93,IN,1690153894
portland,45.5234,-122.6762,33.12,35,20,3.09,US,1690153420
larkird,35.4894,66.6641,20.37,42,79,0.81,AF,1690153894
businga,3.3333,20.8833,22.04,97,46,0.69,CD,1690153895
bangassou,4.7413,22.8184,20.9,97,100,1.1,CF,1690153895
pakxan,18.3778,103.6601,26.07,96,79,1.13,LA,1690153641
ulladulla,-35.35,150.4667,11.31,74,19,1.4,AU,1690153895
sinnar,13.5691,33.5672,30.53,46,71,6.18,SD,1690153895
dakhla,23.6848,-15.958,20.29,89,0,9.88,EH,1690153895
kralendijk,12.15,-68.2667,28.99,74,20,7.72,BQ,1690153895
roslavl',53.9528,32.8639,11.23,85,78,2.96,RU,1690153895
rio grande,-32.035,-52.0986,16.06,75,100,4.59,BR,1690153895
kruisfontein,-34.0033,24.7314,9.94,76,47,6.81,ZA,1690153895
chamical,-30.36,-66.314,14.8,27,76,3.46,AR,1690153896
altai,46.3722,96.2583,15.04,38,4,1.46,MN,1690153896
kilindoni,-7.9139,39.6668,25.03,77,73,6.78,TZ,1690153896
fiambala,-27.6871,-67.6149,11.52,52,41,1.54,AR,1690153896
orlov,58.5395,48.8917,15.43,78,100,2.27,RU,1690153896
barcelos,41.5388,-8.6151,19.95,97,66,0.77,PT,1690153897
santa fe,-31.6333,-60.7,16.11,62,100,2.68,AR,1690153897
dalandzadgad,43.5708,104.425,21.38,53,0,1.81,MN,1690153693
mongo,12.1844,18.693,27.42,66,7,2.07,TD,1690153897
mbanza kongo,-6.267,14.2401,20.39,85,21,1.72,AO,1690153897
itaituba,-4.2761,-55.9836,29.11,41,89,0.44,BR,1690153897
as sulayyil,20.4607,45.5779,33.46,11,84,2.33,SA,1690153696
nioki,-2.7167,17.6833,25.54,50,12,1.15,CD,1690153897
isola di capo rizzuto,38.96,17.0933,32.88,41,8,2.32,IT,1690153898
la ronge,55.1001,-105.2842,21.57,38,85,2.32,CA,1690153686
lompoc,34.6391,-120.4579,25.34,77,100,3.6,US,1690153898
hashtrud,37.4779,47.0508,21.25,44,17,2.01,IR,1690153898
borodulikha,50.7184,80.9295,18.7,41,43,2.94,KZ,1690153898
yeppoon,-23.1333,150.7333,11.88,84,96,6.02,AU,1690153898
i-n-salah,27.1935,2.4607,37.11,9,19,4.51,DZ,1690153898
turbat,26.0023,63.044,29.22,70,100,0.3,PK,1690153898
georgievka,49.3314,81.5761,18.85,40,20,2.18,KZ,1690153899
midvagur,62.0511,-7.1939,7.46,87,100,5.14,FO,1690153899
caleta de carquin,-11.0925,-77.6267,20.19,78,3,4.67,PE,1690153899
ceerigaabo,10.6162,47.368,18.39,65,100,10.45,SO,1690153899
motueka,-41.1333,173.0167,11.72,70,78,0.98,NZ,1690153899
watertown,42.3709,-71.1828,28.63,52,20,4.12,US,1690153899
bantva,21.4864,70.0689,26.29,91,100,4.67,IN,1690153899
ampanihy,-24.7,44.75,16.55,94,0,1.71,MG,1690153899
greater sudbury,46.49,-80.99,25.03,45,98,1.79,CA,1690153840
vennesla,58.2694,7.9741,14.6,72,100,2.57,NO,1690153899
praia,14.9215,-23.5087,26.3,78,40,4.63,CV,1690153611
khandyga,62.6667,135.6,21.54,70,14,0.73,RU,1690153900
beaufort west,-32.3567,22.583,7.76,80,64,1.53,ZA,1690153900
vilyuchinsk,52.9306,158.4028,20.15,76,59,5.79,RU,1690153900
bjelovar,45.8986,16.8489,19.54,91,4,2.41,HR,1690153900
revda,56.801,59.9303,13.81,79,96,1.87,RU,1690153648
bukoba,-1.3317,31.8122,19.99,67,51,1.99,TZ,1690153900
linxia chengguanzhen,35.6003,103.2064,15.95,83,68,1.18,CN,1690153900
hirara,24.8,125.2833,28.94,78,34,6.02,JP,1690153900
rasht,37.2808,49.5832,24.53,65,21,1.06,IR,1690153900
northam,51.0333,-4.2167,15.92,93,99,2.77,GB,1690153676
taos,36.4072,-105.5731,33.22,8,0,3.58,US,1690153901
arkhangel'sk,64.5401,40.5433,11.08,95,97,2.05,RU,1690153901
sabang,5.8933,95.3214,28.03,72,100,9.6,ID,1690153901
apatity,67.5641,33.4031,8.83,94,100,2.65,RU,1690153901
faya-largeau,17.9257,19.1043,33.34,19,37,2.73,TD,1690153901
usinsk,65.9939,57.5281,15.72,72,100,4.05,RU,1690153901
eirunepe,-6.6603,-69.8736,27.78,52,10,0.26,BR,1690153901
san luis de la loma,17.2706,-100.8939,31.57,58,22,2.6,MX,1690153901
urumqi,43.801,87.6005,26.53,30,0,2.0,CN,1690153901
hangal,14.7667,75.1333,21.66,94,100,6.46,IN,1690153901
pedro ii,-4.4247,-41.4586,24.83,41,50,2.0,BR,1690153839
omdurman,15.6445,32.4777,34.61,29,32,5.59,SD,1690153902
acajutla,13.5928,-89.8275,29.91,71,99,2.05,SV,1690153902
ust-tsilma,65.441,52.1498,11.86,98,83,1.66,RU,1690153902
hasaki,35.7333,140.8333,27.38,74,78,2.78,JP,1690153882
kapa'a,22.0752,-159.319,30.18,79,75,6.17,US,1690153902
richards bay,-28.783,32.0377,18.52,89,40,4.4,ZA,1690153902
les cayes,18.2,-73.75,28.16,82,89,4.69,HT,1690153902
mazagao,-0.115,-51.2894,29.03,74,53,1.8,BR,1690153902
opuwo,-18.0607,13.84,18.09,33,25,2.27,NA,1690153902
upington,-28.4478,21.2561,7.21,29,0,3.09,ZA,1690153902
victoria falls,-17.9235,25.843,15.19,48,0,0.83,ZW,1690153903
la'ie,21.6477,-157.9253,30.98,72,9,6.18,US,1690153903
huanren,41.2647,125.3667,21.98,97,97,1.85,CN,1690153903
zouerate,22.7187,-12.4521,32.8,21,0,5.77,MR,1690153903
skagen,57.7209,10.5839,14.92,93,100,8.59,DK,1690153903
gantang,26.92,119.6333,26.43,95,100,0.59,CN,1690153903
buurhakaba,2.8026,44.0781,22.52,85,61,5.73,SO,1690153903
kirensk,57.7853,108.1119,19.39,71,64,0.44,RU,1690153903
duncan,34.5023,-97.9578,36.94,31,0,3.09,US,1690153685
deqen,29.9618,90.7188,11.17,87,100,2.32,CN,1690153903
hyesan,41.4017,128.1778,20.94,88,24,0.31,KP,1690153904
mount pleasant,32.7941,-79.8626,25.0,95,100,6.17,US,1690153904
talodi,10.6325,30.3797,26.08,58,79,0.43,SD,1690153904
arroyo,41.6096,-4.7969,22.0,39,0,3.6,ES,1690153904
nemuro,43.3236,145.575,16.37,97,100,4.75,JP,1690153904
barra do garcas,-15.89,-52.2567,24.15,35,0,1.23,BR,1690153904
rio gallegos,-51.6226,-69.2181,-1.43,79,7,3.87,AR,1690153904
sibay,52.7181,58.6658,13.59,64,70,1.4,RU,1690153904
vila franca do campo,37.7167,-25.4333,22.23,83,41,3.18,PT,1690153905
donetsk,48.0,37.8,19.03,71,100,4.29,UA,1690153905
shakawe,-18.3667,21.85,14.84,30,2,1.98,BW,1690153905
njombe,-9.3333,34.7667,10.11,98,32,2.01,TZ,1690153905
goundam,16.4145,-3.6708,33.13,41,58,2.44,ML,1690153905
langsa,4.4683,97.9683,23.25,96,98,1.05,ID,1690153905
meadow lakes,61.6247,-149.6011,24.85,57,0,1.54,US,1690153905
tres arroyos,-38.3739,-60.2798,6.6,68,100,3.7,AR,1690153905
karyes,37.3,22.5,21.81,30,0,1.8,GR,1690153905
ebon,4.582,168.6964,28.52,78,40,6.67,MH,1690153905
mitu,1.1983,-70.1733,22.83,98,66,0.27,CO,1690153905
port saint john's,-31.6229,29.5448,16.36,75,100,6.21,ZA,1690153906
nizao,18.25,-70.2,30.04,77,94,4.65,DO,1690153906
hithadhoo,-0.6,73.0833,28.18,76,86,4.21,MV,1690153906
gwadar,25.1216,62.3254,28.02,86,100,1.21,PK,1690153906
adoni,15.6333,77.2833,23.33,87,100,7.68,IN,1690153906
maamba,-17.3667,27.15,16.02,48,0,1.35,ZM,1690153906
aquitania,5.5197,-72.8875,9.83,97,89,1.47,CO,1690153906
mount isa,-20.7333,139.5,9.87,57,0,4.12,AU,1690153906
freeport,40.6576,-73.5832,29.06,62,0,5.66,US,1690153640
pokrovo-prigorodnoye,52.6841,41.4175,15.15,86,50,2.46,RU,1690153906
lensk,60.7253,114.9278,23.99,56,9,0.92,RU,1690153907
chonchi,-42.6128,-73.8092,5.07,90,100,1.03,CL,1690153907
ji'an,27.1172,114.9793,26.39,90,48,0.8,CN,1690153907
shenjiamen,29.9576,122.298,25.93,92,99,6.86,CN,1690153907
douglas,41.3,-96.167,32.56,49,0,3.09,US,1690153898
sainte-adele,45.9501,-74.1325,22.68,64,6,2.25,CA,1690153652
viedma,-40.8135,-62.9967,6.06,64,100,1.51,AR,1690153824
illizi,26.4833,8.4667,32.89,11,0,6.84,DZ,1690153907
raufoss,60.7264,10.6172,9.35,93,59,1.11,NO,1690153907
fort st. john,56.2499,-120.8529,20.94,32,75,1.54,CA,1690153907
yeosu,34.7546,127.6599,24.18,97,100,0.31,KR,1690153908
broken hill,-31.95,141.4333,6.37,72,0,6.33,AU,1690153908
holualoa,19.6228,-155.9522,26.42,86,3,2.24,US,1690153908
awjilah,29.1081,21.2869,31.62,32,0,3.84,LY,1690153908
fort wellington,6.4,-57.6,26.22,79,11,3.0,GY,1690153908
traverse city,44.7631,-85.6206,26.06,57,20,2.57,US,1690153843
saint-pol-sur-mer,51.0312,2.3398,17.25,45,86,5.44,FR,1690153908
krasnovishersk,60.4078,57.082,11.2,95,47,0.96,RU,1690153908
ribas do rio pardo,-20.4431,-53.7592,22.9,45,15,1.93,BR,1690153698
sogndal,61.2283,7.1003,14.21,82,20,1.54,NO,1690153908
camapua,-19.5314,-54.0439,25.03,37,22,2.29,BR,1690153909
mata-utu,-13.2816,-176.1745,27.17,72,49,7.98,WF,1690153909
al qusiyah,27.4402,30.8184,32.64,22,0,5.43,EG,1690153909
adam,22.3756,57.5233,30.23,58,100,2.44,OM,1690153909
mont-roig del camp,41.75,1.1833,25.21,74,51,2.64,ES,1690153909
mugia,43.1041,-9.2179,17.73,81,62,4.02,ES,1690153909
jatibarang,-6.4747,108.3153,22.99,76,46,2.28,ID,1690153909
urangan,-25.3,152.9,17.09,78,94,10.05,AU,1690153909
pimentel,-6.8367,-79.9342,24.16,73,20,9.26,PE,1690153910
beau vallon,-20.4189,57.6953,22.13,88,75,5.14,MU,1690153910
gavrilov posad,56.5597,40.1175,11.83,97,49,3.77,RU,1690153910
sikasso,10.9167,-7.0,24.38,85,61,1.56,ML,1690153910
general cabrera,-32.8131,-63.8724,11.12,39,100,2.63,AR,1690153910
ghat,24.9647,10.1728,32.71,11,45,4.59,LY,1690153910
puerto penasco,31.3167,-113.5333,33.28,68,28,1.79,MX,1690153910
benghazi,32.1167,20.0667,28.82,70,0,5.02,LY,1690153910
muar,2.0442,102.5689,23.91,86,98,2.34,MY,1690153910
peterhead,57.5058,-1.7981,11.36,83,13,7.9,GB,1690153910
mossendjo,-2.9506,12.7261,20.85,82,97,1.9,CG,1690153911
campo gallo,-26.5833,-62.85,17.6,46,3,3.34,AR,1690153911
kuressaare,58.2481,22.5039,12.97,96,26,2.06,EE,1690153701
coahuayana de hidalgo,18.7,-103.6583,31.14,60,82,2.49,MX,1690153911
bodaybo,57.8506,114.1933,21.52,67,7,0.5,RU,1690153911
mutsu,41.2894,141.2169,25.48,75,97,1.6,JP,1690153911
sorong,-0.8833,131.25,24.97,89,95,6.06,ID,1690153911
howrah,22.5892,88.3103,27.0,100,40,0.0,IN,1690153626
pagsangahan,13.2158,122.5431,27.91,78,100,6.22,PH,1690153911
coxen hole,16.3244,-86.5366,30.6,62,0,10.29,HN,1690153911
